location,description,picture,stars,reviews,price,beds
Arizona,Refined Curve ADP Data Arab Interactions Tools interface cross-platform Fish Flat Generic Research withdrawal Democratic Granite Bedfordshire California extend mobile,http://placeimg.com/200/200/arch,3,97,208,8
Nebraska,bypass Health deposit responsive Sao Loan bandwidth auxiliary redundant invoice infomediaries transmitter Automated Carolina e-enable deposit Incredible Buckinghamshire Soft Developer,http://placeimg.com/200/200/arch,5,125,82,8
Arkansas,Dollar Wooden Supervisor synergize quantifying Orchestrator Global PNG Borders holistic haptic Awesome context-sensitive white Gorgeous Tennessee redefine Rubber Officer Directives,http://placeimg.com/200/200/arch,2,78,280,4
South Dakota,envisioneer compressing generating Concrete Fantastic payment optimal infrastructure microchip Beauty Dinar Soft Pants calculating SMS multimedia parsing Cordoba system white,http://placeimg.com/200/200/arch,5,37,358,4
West Virginia,invoice access intangible systems Marketing quantify Account Plastic networks policy Tuna Account Clothing Gibraltar Bike Home web-readiness 24/365 purple digital,http://placeimg.com/200/200/arch,1,63,281,10
Indiana,Chair Pa'anga Herzegovina Shirt monetize Fantastic Wyoming Assurance transmitting transmitter Jewelery Isle Marino Producer Officer Technician applications Cotton yellow Account,http://placeimg.com/200/200/arch,5,119,274,9
Maine,Computers policy Towels Computer intuitive open-source wireless Berkshire Account architectures Team-oriented Human Georgia UAE deposit AGP Libyan CSS Riel Frozen,http://placeimg.com/200/200/arch,2,23,153,6
Mississippi,Montana Jersey Granite Kuwait Licensed Frozen system success Tasty Incredible Avon integrate invoice Dinar Generic overriding functionalities Utah Progressive Extensions,http://placeimg.com/200/200/arch,3,55,100,2
Louisiana,disintermediate online hard Home withdrawal Program Granite Analyst Maryland payment circuit Engineer online Borders deploy Soft distributed orange Prairie Wells,http://placeimg.com/200/200/arch,3,79,316,1
Mississippi,Maldives Cotton e-services mobile primary program Market Card brand Distributed monetize Dynamic Sausages York instruction dedicated state Administrator Sleek architectures,http://placeimg.com/200/200/arch,2,79,231,5
